name,org,capacity_gcal_h,load_gcal_h,lon,lat,_geocode,_table
Автозаводская ТЭЦ,ООО «Автозаводская ТЭЦ»,1812.0,,43.895651,56.243416,OSM relation/7839125,"Глава 4, табл. 2.2"
"""НТЦ"", ул. Ветеринарная, 5",АО «Теплоэнерго»,700.0,566.65,43.995893,56.302571,"OSM way/155408821 у адреса Ветеринарная улица, 5","Глава 4, табл. 2.4"
Сормовская ТЭЦ,ПАО «Т Плюс»,696.0,,43.891073,56.352942,OSM relation/6613324,"Глава 4, табл. 2.1"
"Котельная «Ленинская» Автозаводской ТЭЦ, Монастырка ул., 5А",ООО «Автозаводская ТЭЦ»,360.0,,43.916239,56.246468,"улица Монастырка, 5А","Глава 4, табл. 2.3"
"Северная, Новикова-Прибоя, д.18, ООО «Генерация тепла»",ООО «Генерация тепла»,239.96,91.65,43.903782,56.272943,"улица Новикова-Прибоя, 18","Глава 4, табл. 2.5"
"Котельная №3, ОАО Нижегородский авиастроительный завод Сокол,",прочие,178.8,,,,,"Глава 4, табл. 2.5"
"Зайцева, 31в, ООО ""КСК""",прочие,141.65,70.65,43.795092,56.36675,"улица Зайцева, 31 (по дому без литеры)","Глава 4, табл. 2.5"
"Родионова, 194б, ООО «Нижновтеплоэнерго»",ООО «Нижновтеплоэнерго»,132.6,129.99,44.084677,56.304298,"улица Родионова, 194Б","Глава 4, табл. 2.5"
"Деловая, 14, ООО «Нижновтеплоэнерго»",ООО «Нижновтеплоэнерго»,120.0,79.12,44.071293,56.304912,"Деловая улица, 14","Глава 4, табл. 2.5"
"ПАО ""Завод Красное Сормово""",прочие,120.0,,,,,"Глава 4, табл. 2.5"
"Гагарина, д. 174, ОАО ННПО имени М.В.Фрунзе,",прочие,83.33,18.21,43.968188,56.249436,"проспект Гагарина, 174","Глава 4, табл. 2.5"
"Котельная №1,Чаадаева, д. 10в, ОАО Нижегородский авиастроительный завод Сокол,",прочие,82.05,33.28,43.849428,56.329059,"улица Чаадаева, 10 (по дому без литеры)","Глава 4, табл. 2.5"
"Котельная «НИИИС им. Ю. Е. Седакова» - филиал ФГУП «РФЯЦ - ВНИИЭФ» - Тропинина ул., 47",ФГУП «РФЯЦ - ВНИИЭФ»,80.66,60.39,,,,"Глава 4, табл. 2.5"
"ул. Академика Баха, 4-а",АО «Теплоэнерго»,80.0,66.94,43.937197,56.288386,"улица Академика Баха, 4А","Глава 4, табл. 2.4"
"пр. Гагарина, 178-б",АО «Теплоэнерго»,73.0,36.16,43.969678,56.24539,"проспект Гагарина, 178Б","Глава 4, табл. 2.4"
"пр. Союзный, 43",АО «Теплоэнерго»,60.0,34.09,43.853494,56.357795,"Союзный переулок, 43","Глава 4, табл. 2.4"
"Котельная ЖК ""Анкудиновский парк""",Кстовский район (присоединён в 2025 г.),58.05,,,,,"Глава 4, табл. 2.6"
"ул. Памирская, 11",АО «Теплоэнерго»,52.0,0.0,43.941913,56.270967,"Памирская улица, 11","Глава 4, табл. 2.4"
"Цветочная, д. 3в, ""СТН-Энергосети""",прочие,51.6,,44.01143,56.262494,"Цветочная улица, 3В","Глава 4, табл. 2.5"
"«АО «Завод «Электромаш»,",АО «Завод «Электромаш»,48.86,28.45,,,,"Глава 4, табл. 2.5"
"Заводская, д.19, ФГУП НПП Полет,",прочие,48.31,38.66,43.870619,56.167225,"Заводская улица, 19","Глава 4, табл. 2.5"
"Июльских дней, 1",АО «Теплоэнерго»,46.5,16.83,,,,"Глава 4, табл. 2.4"
"ул. Вечерняя, 71, ООО «СТН-Энергосети»",ООО «СТН-Энергосети»,43.54,45.58,44.051142,56.27037,"OSM way/682774688 у адреса Вечерняя улица, 71","Глава 4, табл. 2.5"
"Котельная АО ВБД Ларина, 19,",прочие,42.0,25.26,,,,"Глава 4, табл. 2.5"
"К. Маркса, д. 60 Б, К. Маркса, д. 42 а, ""СТН-Энергосети""",прочие,40.42,30.49,43.95149,56.338545,"OSM relation/7661698 у адреса улица Карла Маркса, 60Б","Глава 4, табл. 2.5"
"Гагарина, д. 37, ПАО НИТЕЛ,",прочие,39.18,24.8,43.968051,56.253778,"проспект Гагарина, 37","Глава 4, табл. 2.5"
"ул. Таллинская, 15-в",АО «Теплоэнерго»,38.78,,43.854825,56.291356,"Таллинская улица, 15В","Глава 4, табл. 2.4"
"наб. Гребного канала, 1Ц",АО «Теплоэнерго»,38.7,3.08,,,,"Глава 4, табл. 2.4"
"Котельная №4,Чаадаева, д. 1, ОАО Нижегородский авиастроительный завод Сокол,",прочие,37.0,11.57,43.848958,56.318972,"улица Чаадаева, 1","Глава 4, табл. 2.5"
"ул. Пугачева, 1",АО «Теплоэнерго»,35.51,22.68,43.856603,56.350401,"OSM relation/9647234 у адреса улица Пугачёва, 1","Глава 4, табл. 2.4"
"ул. Иванова, 14-б",АО «Теплоэнерго»,35.0,18.07,43.826148,56.360993,"улица Василия Иванова, 14Б","Глава 4, табл. 2.4"
"ул. Гаугеля, 25",АО «Теплоэнерго»,33.2,15.45,,,,"Глава 4, табл. 2.4"
"ул. Гаугеля, 6-б",АО «Теплоэнерго»,33.2,16.4,43.810404,56.359494,"улица Гаугеля, 6Б","Глава 4, табл. 2.4"
"ул. Лесной городок, 6-а",АО «Теплоэнерго»,33.19,17.35,43.841465,56.307682,"улица Лесной Городок, 6 (по дому без литеры)","Глава 4, табл. 2.4"
"Интернациональная,95, ОАО Мельинвест,",прочие,32.7,9.61,,,,"Глава 4, табл. 2.5"
"ул. Премудрова, 12-а",АО «Теплоэнерго»,32.5,,43.91921,56.291921,"улица Премудрова, 12А","Глава 4, табл. 2.4"
"ул. Голованова, 25-а",АО «Теплоэнерго»,31.9,21.39,43.965606,56.235132,"OSM way/1530196327 у адреса улица Маршала Голованова, 25А","Глава 4, табл. 2.4"
"ул. Энгельса, 1-в",АО «Теплоэнерго»,31.04,16.92,43.866959,56.344832,"OSM way/54608122 у адреса улица Энгельса, 1В","Глава 4, табл. 2.4"
"ул. Баранова, 11",АО «Теплоэнерго»,30.44,19.83,43.846263,56.33491,"улица Баранова, 11","Глава 4, табл. 2.4"
"ул. Углова, 7",АО «Теплоэнерго»,30.0,25.32,,,,"Глава 4, табл. 2.4"
"ул. Военных комиссаров, 9",АО «Теплоэнерго»,29.75,20.91,43.956936,56.231392,"улица Военных Комиссаров, 9","Глава 4, табл. 2.4"
"Котельная ННГАСУ Ильинская, 65,",прочие,26.6,9.04,,,,"Глава 4, табл. 2.5"
"ул. Базарная, 6",АО «Теплоэнерго»,26.0,18.88,43.86161,56.352931,"Базарная улица, 6","Глава 4, табл. 2.4"
"Литвинова, д. 74, АО Нормаль",прочие,25.2,4.97,,,,"Глава 4, табл. 2.5"
"ул. Климовская, 86-а",АО «Теплоэнерго»,25.0,15.44,43.930526,56.307826,"Климовская улица, 86 (по дому без литеры)","Глава 4, табл. 2.4"
"Казанское шоссе, д. 12",АО «Теплоэнерго»,24.9,8.75,44.087595,56.283825,"Казанское шоссе, 12","Глава 4, табл. 2.4"
"пр. Ленина, 5-а",АО «Теплоэнерго»,23.38,13.39,43.936358,56.299087,"проспект Ленина, 5А","Глава 4, табл. 2.4"
"Московское шоссе, д. 52, ""СТН-Энергосети""",прочие,21.66,20.57,43.907078,56.309599,"Московское шоссе, 52","Глава 4, табл. 2.5"
"ул. Московское шоссе, 15-а",АО «Теплоэнерго»,21.23,12.28,43.937156,56.322625,"OSM way/180443874 у адреса Московское шоссе, 15А","Глава 4, табл. 2.4"
"ул. Станиславского, 3 (новая БМК)",АО «Теплоэнерго»,20.66,13.35,43.836996,56.352064,"улица Станиславского, 3","Глава 4, табл. 2.4"
"пр. Гагарина, 70-а",АО «Теплоэнерго»,20.0,12.36,,,,"Глава 4, табл. 2.4"
"ул. Горная, 13-а",АО «Теплоэнерго»,19.59,13.3,43.981479,56.257312,"Горная улица, 13А","Глава 4, табл. 2.4"
"ул. Баренца, 9-а",АО «Теплоэнерго»,19.5,14.62,43.818465,56.366325,"улица Баренца, 9 (по дому без литеры)","Глава 4, табл. 2.4"
"ул. Чкалова, 9-г",АО «Теплоэнерго»,19.5,11.38,43.939877,56.317604,"OSM relation/2813523 у адреса улица Чкалова, 9 (по дому без литеры)","Глава 4, табл. 2.4"
"ул. Ванеева, 209-б",АО «Теплоэнерго»,19.5,,44.030734,56.287581,"OSM way/161202176 у адреса улица Ванеева, 209 (по дому без литеры)","Глава 4, табл. 2.4"
Котельная ОП ООО «УК ТЭСК» «Нижегородское»,Кстовский район (присоединён в 2025 г.),19.09,,,,,"Глава 4, табл. 2.6"
"Нартова, д. 6, ООО Профит,",прочие,18.4,16.87,,,,"Глава 4, табл. 2.5"
"ул. 40 лет Победы, 15",АО «Теплоэнерго»,17.71,12.91,,,,"Глава 4, табл. 2.4"
"пр. Ленина, 51 корпус 10",АО «Теплоэнерго»,17.45,13.11,43.921749,56.280059,"OSM way/56043231 у адреса проспект Ленина, 51","Глава 4, табл. 2.4"
"ул. Геройская, 11-а",АО «Теплоэнерго»,17.2,16.27,43.926484,56.274248,"Геройская улица, 11А","Глава 4, табл. 2.4"
"пер. Плотничный, 11",АО «Теплоэнерго»,16.17,10.69,,,,"Глава 4, табл. 2.4"
"Пос. Новинки, ул. Дорожная, 5/1",АО «Теплоэнерго»,16.0,8.25,43.904781,56.211703,"2-я Дорожная улица, 5","Глава 4, табл. 2.4"
"ул. Донецкая, 9-в",АО «Теплоэнерго»,15.6,8.82,44.046316,56.317536,"Донецкая улица, 9В","Глава 4, табл. 2.4"
Котельная ООО «КЭР-Генерация»,Кстовский район (присоединён в 2025 г.),15.14,,,,,"Глава 4, табл. 2.6"
"Бурнаковский проезд, д. 15, ОАО ОКБМ Африкантов,",прочие,15.0,,,,,"Глава 4, табл. 2.5"
"ул.Терешковой, 7",АО «Теплоэнерго»,14.87,10.29,43.986264,56.274887,"OSM way/173987841 у адреса улица Терешковой, 7","Глава 4, табл. 2.4"
"ул. Тихорецкая, 3-в",АО «Теплоэнерго»,14.5,14.83,43.884748,56.312716,"Тихорецкая улица, 3 (по дому без литеры)","Глава 4, табл. 2.4"
"ул. Суетинская, 21",АО «Теплоэнерго»,14.44,6.24,43.988381,56.324125,"OSM way/147129160 у адреса Суетинская улица, 21","Глава 4, табл. 2.4"
"Родионова, д. 190 , Нижегородская областная Клиническая больница им. Н.А. Семашко,",прочие,14.4,12.9,44.078346,56.310244,"улица Родионова, 190","Глава 4, табл. 2.5"
"Родионова, д. 187а, ""СТН-Энергосети""",прочие,13.68,8.41,,,,"Глава 4, табл. 2.5"
"Федосеенко, д. 44а, ОАО Железобетонстрой № 5,",прочие,13.6,7.55,43.819192,56.34172,"улица Федосеенко, 44А","Глава 4, табл. 2.5"
"ул. Гастелло, 1-а",АО «Теплоэнерго»,13.41,,43.889491,56.316846,"улица Николая Гастелло, 1А","Глава 4, табл. 2.4"
"Котельная ООО ""КСК"" по ул. Малоэтажная, 31а",прочие,13.41,9.73,,,,"Глава 4, табл. 2.5"
"Анкудиновское шоссе, 3-б",АО «Теплоэнерго»,13.33,5.54,43.989803,56.270648,"OSM way/162010412 у адреса Анкудиновское шоссе, 3Б","Глава 4, табл. 2.4"
пос. Ждановский,Кстовский район (присоединён в 2025 г.),12.93,,,,,"Глава 4, табл. 2.6"
"ул. Красных Зорь, 4-а",АО «Теплоэнерго»,12.72,9.03,43.873649,56.316788,"улица Красных Зорь, 4 (по дому без литеры)","Глава 4, табл. 2.4"
"ул. Коперника, 1-а",АО «Теплоэнерго»,12.6,13.09,,,,"Глава 4, табл. 2.4"
"пр. Гагарина, 25-е",АО «Теплоэнерго»,12.6,5.22,43.980947,56.294936,"проспект Гагарина, 25 (по дому без литеры)","Глава 4, табл. 2.4"
пр. Гагарина 60 корп. 22,АО «Теплоэнерго»,12.6,4.1,,,,"Глава 4, табл. 2.4"
"пр. Гагарина, 97  (БМК)",АО «Теплоэнерго»,12.16,4.48,,,,"Глава 4, табл. 2.4"
"Белинского, д. 61, ООО Нижегородский завод Старт,",прочие,10.8,7.83,,,,"Глава 4, табл. 2.5"
"Котельная Аэропорт, ОАО Международный аэропорт Нижний Новгород,",прочие,10.66,3.85,,,,"Глава 4, табл. 2.5"
"ул. Иванова, 36-б",АО «Теплоэнерго»,10.4,,43.826859,56.366831,"улица Василия Иванова, 36Б","Глава 4, табл. 2.4"
"ул. Планетная, 8-а",АО «Теплоэнерго»,10.4,,43.789179,56.379512,"Планетная улица, 8А","Глава 4, табл. 2.4"
"Мончегорская, 11г, ООО «Генерация тепла»",ООО «Генерация тепла»,10.36,7.29,43.830407,56.230926,"OSM relation/2298479 у адреса Мончегорская улица, 11 (по дому без литеры)","Глава 4, табл. 2.5"
"ул. Вольская, 15-а",АО «Теплоэнерго»,9.46,3.1,43.941199,56.309634,"OSM way/81159001 у адреса Вольская улица, 15А","Глава 4, табл. 2.4"
"п. Черепичный, 14, ООО «Класс плюс» ,",ООО «Класс плюс»,8.98,5.03,,,,"Глава 4, табл. 2.5"
"ул. Тепличная, 8-а",АО «Теплоэнерго»,8.81,4.64,43.810051,56.309237,"Тепличная улица, 8А","Глава 4, табл. 2.4"
"ул. Октябрьской Революции, 66",АО «Теплоэнерго»,8.65,3.34,,,,"Глава 4, табл. 2.4"
Котельная п. Приволжский,Кстовский район (присоединён в 2025 г.),8.6,,,,,"Глава 4, табл. 2.6"
"ул. Путейская, 31-а",АО «Теплоэнерго»,8.42,,43.864881,56.292881,"OSM way/42315335 у адреса Путейская улица, 31А","Глава 4, табл. 2.4"
"Котельная НПАП - филиал ГП НО «Нижегородпассажиравтотранс» - КИМа ул., 335",прочие,8.2,4.96,43.796077,56.383648,"улица Кима, 335","Глава 4, табл. 2.5"
"ул. Богородского, д. 6В, ООО ""СТН-Энергосети"" до 27.09.2023",прочие,7.86,,44.044425,56.294923,"улица Богородского, 6 (по дому без литеры)","Глава 4, табл. 2.5"
"Котельная ООО «Энергосервис»,  пер. Мотальный, 8",ООО «Энергосервис»,7.74,5.35,,,,"Глава 4, табл. 2.5"
"Пос. Мостоотряд, 32а, ООО «Генерация тепла»",ООО «Генерация тепла»,7.5,5.69,,,,"Глава 4, табл. 2.5"
"Гаршина, д. 40, ООО НКХП-Девелопмент,",прочие,7.39,,43.971964,56.317513,"улица Гаршина, 40","Глава 4, табл. 2.5"
"Блочно-модульная котельная ЖК ""Октава""",прочие,7.31,5.5,,,,"Глава 4, табл. 2.5"
"ул. Радистов, 24",АО «Теплоэнерго»,7.22,,43.988166,56.262792,"OSM way/160659964 у адреса улица Радистов, 24","Глава 4, табл. 2.4"
"Котельная ООО ""Транс-Сигнал""",прочие,6.88,5.1,,,,"Глава 4, табл. 2.5"
"ул. Римского-Корсакова, 50 (БМК)",АО «Теплоэнерго»,6.45,3.25,43.846253,56.353547,"улица Римского-Корсакова, 50","Глава 4, табл. 2.4"
"ул. Горького, 65-д",АО «Теплоэнерго»,6.45,3.06,43.988202,56.312603,"OSM way/148276486 у адреса улица Максима Горького, 65Д","Глава 4, табл. 2.4"
пос. Селекция,Кстовский район (присоединён в 2025 г.),6.45,,,,,"Глава 4, табл. 2.6"
Котельная ООО «ТК Ждановский»,Кстовский район (присоединён в 2025 г.),6.45,,,,,"Глава 4, табл. 2.6"
"Анкудиновское шоссе, 24",АО «Теплоэнерго»,6.36,4.41,44.000342,56.266085,"OSM way/173656998 у адреса Анкудиновское шоссе, 24","Глава 4, табл. 2.4"
"ул. Дубравная, 17  (БМК)",АО «Теплоэнерго»,6.13,,43.741,56.387163,"Дубравная улица, 17","Глава 4, табл. 2.4"
"Электровозная, д. 8А, ОАО ВВПКП Оборонкомплекс,",прочие,6.1,4.22,43.88086,56.302206,"Электровозная улица, 8А","Глава 4, табл. 2.5"
пос. Дружный,Кстовский район (присоединён в 2025 г.),6.03,,,,,"Глава 4, табл. 2.6"
с. Запрудное,Кстовский район (присоединён в 2025 г.),6.02,,,,,"Глава 4, табл. 2.6"
с. Шелокша,Кстовский район (присоединён в 2025 г.),6.02,,,,,"Глава 4, табл. 2.6"
"Яблоневая, д. 18, ООО Высоковский кирпичный завод+,",прочие,6.0,2.77,44.055754,56.311019,"Яблоневая улица, 18","Глава 4, табл. 2.5"
Котельная пер. Больничный,Кстовский район (присоединён в 2025 г.),5.98,,,,,"Глава 4, табл. 2.6"
"ул. Федосеенко, 89-а",АО «Теплоэнерго»,5.92,3.54,43.803914,56.345045,"OSM way/240226760 у адреса улица Федосеенко, 89А","Глава 4, табл. 2.4"
"пл. Горького, 4-а",АО «Теплоэнерго»,5.88,2.51,43.989604,56.3144,"OSM way/148276549 у адреса площадь Максима Горького, 4 (по дому без литеры)","Глава 4, табл. 2.4"
"пр. Героев, 13",АО «Теплоэнерго»,5.81,3.79,43.895379,56.317654,"проспект Героев, 13","Глава 4, табл. 2.4"
с. Чернуха,Кстовский район (присоединён в 2025 г.),5.59,,,,,"Глава 4, табл. 2.6"
"Котельная ООО ""КСК"" по ул. Монастырка, 1",прочие,5.58,2.73,,,,"Глава 4, табл. 2.5"
"ул. Ивана Романова, 3-а",АО «Теплоэнерго»,5.24,2.3,43.952018,56.322851,"улица Ивана Романова, 3 (по дому без литеры)","Глава 4, табл. 2.4"
"ул. Знаменская, 5-б",АО «Теплоэнерго»,5.16,2.24,43.881392,56.30356,"Знаменская улица, 5 (по дому без литеры)","Глава 4, табл. 2.4"
с. Новоликеево,Кстовский район (присоединён в 2025 г.),5.16,,,,,"Глава 4, табл. 2.6"
пос. Волжский,Кстовский район (присоединён в 2025 г.),5.16,,,,,"Глава 4, табл. 2.6"
"ул. Варварская, 15-б",АО «Теплоэнерго»,5.0,1.41,44.010662,56.320763,"Варварская улица, 15Б","Глава 4, табл. 2.4"
"Санаторий ""Нижегородский"", Зеленый город",АО «Теплоэнерго»,4.8,0.19,,,,"Глава 4, табл. 2.4"
"ул. Радужная, 2-а",АО «Теплоэнерго»,4.77,2.84,44.044341,56.319954,"OSM way/53095840 у адреса Радужная улица, 2А","Глава 4, табл. 2.4"
"БМК, ул. Бахтина, у д. 10, ООО «Генерация тепла»",ООО «Генерация тепла»,4.77,3.22,,,,"Глава 4, табл. 2.5"
"пер. Бойновский, 9-д",АО «Теплоэнерго»,4.74,3.83,44.036809,56.319116,"OSM way/162038339 у адреса Бойновский переулок, 9 (по дому без литеры)","Глава 4, табл. 2.4"
"Московское шоссе, 219-а",АО «Теплоэнерго»,4.73,2.63,43.860992,56.314621,"OSM way/836129493 у адреса Московское шоссе, 219А","Глава 4, табл. 2.4"
"пр. Гагарина, 156",АО «Теплоэнерго»,4.64,3.25,43.973534,56.259427,"проспект Гагарина, 156","Глава 4, табл. 2.4"
"Гагарина, д. 50, ООО ЦТО «Меркурий»,",прочие,4.58,3.29,,,,"Глава 4, табл. 2.5"
"Федосеенко, 114, в/г 53, ЭРТ№4,",прочие,4.52,2.74,,,,"Глава 4, табл. 2.5"
"Котельная ООО Санаторий Зеленый город, к.п. Зеленый город",прочие,4.4,2.8,,,,"Глава 4, табл. 2.5"
"Федосеенко, 104, в/г 53, ЭРТ№4,",прочие,4.35,3.09,,,,"Глава 4, табл. 2.5"
"ул. Нижне-Волжская набережная, 2-а",АО «Теплоэнерго»,4.3,1.36,43.998866,56.331247,"Нижне-Волжская набережная, 2 (по дому без литеры)","Глава 4, табл. 2.4"
"Кузнечиха д, БМКУ №1 ""БМКУ №1 ОАО ""Сбербанк РФ"" (Кузнечиха)""",АО «Теплоэнерго»,4.3,3.2,,,,"Глава 4, табл. 2.4"
д. Афонино-2,Кстовский район (присоединён в 2025 г.),4.3,,,,,"Глава 4, табл. 2.6"
с. Прокошево,Кстовский район (присоединён в 2025 г.),4.3,,,,,"Глава 4, табл. 2.6"
с. Работки,Кстовский район (присоединён в 2025 г.),4.3,,,,,"Глава 4, табл. 2.6"
Котельная ООО «Экотеплосервис – Кстово»,Кстовский район (присоединён в 2025 г.),4.3,,,,,"Глава 4, табл. 2.6"
"ул. Минина, 1",АО «Теплоэнерго»,4.24,1.96,44.007186,56.329578,"OSM way/150852654 у адреса улица Минина, 1","Глава 4, табл. 2.4"
"Котельная квартала ""А"" АО ПКО ""Теплообменник""",прочие,4.13,3.27,,,,"Глава 4, табл. 2.5"
"Котельная ООО ""Технологика"", пр-т Ленина, д.85Б",прочие,4.11,3.67,43.909729,56.264139,"проспект Ленина, 85 (по дому без литеры)","Глава 4, табл. 2.5"
"ООО ""КМ Теплоресурс""",прочие,4.01,2.94,,,,"Глава 4, табл. 2.5"
"Котельные №4 и №5 ООО ""Виктория НН""",прочие,4.0,3.31,,,,"Глава 4, табл. 2.5"
"Березовая пойма, ул. Чернореченская, 1 к.1",АО «Теплоэнерго»,3.9,1.7,43.617331,56.34162,"Чернореченская улица, 1 (по дому без литеры)","Глава 4, табл. 2.4"
"Котельная ООО «Энергосервис»,  пер. Вахитова, 4д",ООО «Энергосервис»,3.71,,,,,"Глава 4, табл. 2.5"
с. Б. Мокрое,Кстовский район (присоединён в 2025 г.),3.66,,,,,"Глава 4, табл. 2.6"
"ул. Чкалова, 37-а",АО «Теплоэнерго»,3.6,1.65,,,,"Глава 4, табл. 2.4"
с. Подлесово,Кстовский район (присоединён в 2025 г.),3.51,,,,,"Глава 4, табл. 2.6"
Котельная ООО «Академкомфорт»,Кстовский район (присоединён в 2025 г.),3.44,,,,,"Глава 4, табл. 2.6"
Котельная ООО «Термаль»,Кстовский район (присоединён в 2025 г.),3.4,,,,,"Глава 4, табл. 2.6"
"ул. Невельская, 9-а",АО «Теплоэнерго»,3.39,2.09,43.84941,56.286873,"Невельская улица, 9А","Глава 4, табл. 2.4"
"Минина ул, 43а ""ул. Минина, д. 43А""",АО «Теплоэнерго»,3.38,1.56,44.032881,56.323445,"улица Минина, 43А","Глава 4, табл. 2.4"
"ул. Металлистов, 4-б",АО «Теплоэнерго»,3.35,2.71,43.855795,56.312311,"улица Металлистов, 4Б","Глава 4, табл. 2.4"
Котельная ООО «Интер»,Кстовский район (присоединён в 2025 г.),3.24,,,,,"Глава 4, табл. 2.6"
"пер. Звенигородский, 8-а",АО «Теплоэнерго»,3.18,2.04,44.037767,56.312449,"Звенигородский переулок, 8А","Глава 4, табл. 2.4"
"Планетная, в/г 98, ЭРТ№4,",прочие,3.15,1.09,,,,"Глава 4, табл. 2.5"
"ул. Бориса Панина, 19-б",АО «Теплоэнерго»,3.04,2.21,44.035461,56.310981,"улица Бориса Панина, 19Б","Глава 4, табл. 2.4"
с. Чернышиха,Кстовский район (присоединён в 2025 г.),3.01,,,,,"Глава 4, табл. 2.6"
"Котельные 2 шт. по ул. Ударная ООО ""Старт-Строй""",прочие,3.0,2.21,43.838369,56.362821,"Котельный переулок, 2","Глава 4, табл. 2.5"
Котельная ул. Береговая,Кстовский район (присоединён в 2025 г.),2.99,,,,,"Глава 4, табл. 2.6"
"ул. Республиканская, 47-а",АО «Теплоэнерго»,2.71,1.04,44.035187,56.31405,"Республиканская улица, 47А","Глава 4, табл. 2.4"
Котельная ОАО «Керма»,Кстовский район (присоединён в 2025 г.),2.7,,,,,"Глава 4, табл. 2.6"
"МУ ДОЛ ""Чайка"", Зеленый город",АО «Теплоэнерго»,2.67,0.89,,,,"Глава 4, табл. 2.4"
"Дом-интернат для престарелых и инвалидов ""Зеленый город"", Зеленый город",АО «Теплоэнерго»,2.67,0.56,,,,"Глава 4, табл. 2.4"
"Пос. Новинки, ул.Полевая, 2в",АО «Теплоэнерго»,2.67,1.26,43.8776,56.201269,"Полевая улица, 2 (по дому без литеры)","Глава 4, табл. 2.4"
"ООО ""Коммунальщик-НН""",прочие,2.58,1.07,,,,"Глава 4, табл. 2.5"
"Свободы, д. 95 в/г 64, ЭРТ№4,",прочие,2.52,0.93,43.857226,56.362915,"улица Свободы, 95 (по дому без литеры)","Глава 4, табл. 2.5"
"ул. Полевая, 8а",АО «Теплоэнерго»,2.37,,43.876394,56.199743,"Полевая улица, 8А","Глава 4, табл. 2.4"
"ул. Академика Сахарова, 4а",АО «Теплоэнерго»,2.28,1.51,44.025136,56.268254,"улица Академика Сахарова, 4 (по дому без литеры)","Глава 4, табл. 2.4"
"Студенческая, д. 6 , ГБПОУ «Нижегородский радиотехнический колледж»,",ГБПОУ «Нижегородский радиотехнический колледж»,2.25,1.41,44.001207,56.318353,"Студёная улица, 6","Глава 4, табл. 2.5"
"Коперника ул, 1Б ""ул. Коперника, 1Б""",АО «Теплоэнерго»,2.24,1.08,,,,"Глава 4, табл. 2.4"
"Большие Овраги ул, 21Б ""Большие Овраги ул, 21Б"" (с января 2024)",прочие,2.22,1.57,43.980088,56.314789,"OSM way/149028629 у адреса улица Большие Овраги, 21 (по дому без литеры)","Глава 4, табл. 2.5"
Космонавта Комарова д. 2Е,АО «Теплоэнерго»,2.15,1.05,43.935436,56.276826,"улица Космонавта Комарова, 2 (по дому без литеры)","Глава 4, табл. 2.4"
"Арктическая, 20",АО «Теплоэнерго»,2.15,0.81,43.937489,56.277794,"Арктическая улица, 20","Глава 4, табл. 2.4"
"Пос. Новинки, ул.Приокская, 1/2",АО «Теплоэнерго»,2.15,1.06,,,,"Глава 4, табл. 2.4"
Котельная ОАО Хладокомбинат Заречный,прочие,2.1,0.28,,,,"Глава 4, табл. 2.5"
"ул. Воровского, 3",АО «Теплоэнерго»,2.06,0.97,43.988202,56.312603,"OSM way/148276486 у адреса улица Воровского, 3","Глава 4, табл. 2.4"
"ул. Рождественская, 24",АО «Теплоэнерго»,2.05,0.71,,,,"Глава 4, табл. 2.4"
"ул. Верхне-Волжская Набережная, 7-д",АО «Теплоэнерго»,2.0,1.09,44.015999,56.329079,"Верхне-Волжская набережная, 7 (по дому без литеры)","Глава 4, табл. 2.4"
"Зеленый город к/п ""санаторий ВЦСПС, 2-я территория""",АО «Теплоэнерго»,1.98,,,,,"Глава 4, табл. 2.4"
"ул. Тропинина, 13-б",АО «Теплоэнерго»,1.96,0.18,43.944309,56.240633,"улица Тропинина, 13Б","Глава 4, табл. 2.4"
"Котельная ООО ""Фиакр""",прочие,1.75,1.32,,,,"Глава 4, табл. 2.5"
д. Афонино-1,Кстовский район (присоединён в 2025 г.),1.72,,,,,"Глава 4, табл. 2.6"
пос. Дружный в/ч 36026,Кстовский район (присоединён в 2025 г.),1.72,,,,,"Глава 4, табл. 2.6"
"к.п.зеленый город ФГОУ ""Агродом""",АО «Теплоэнерго»,1.71,1.13,,,,"Глава 4, табл. 2.4"
"Ошарская, д. 76, ЗАО Механический завод РИЛС,",прочие,1.7,0.05,44.017258,56.311079,"Ошарская улица, 76","Глава 4, табл. 2.5"
"Горная, д. 13, НОУ ВПО»Нижегородский институт менеджмента и бизнеса»,",прочие,1.63,1.18,,,,"Глава 4, табл. 2.5"
"ул. Федосеенко, 4а",АО «Теплоэнерго»,1.62,,43.830447,56.34248,"улица Федосеенко, 4 (по дому без литеры)","Глава 4, табл. 2.4"
"Детский санаторий ""Ройка"", Зеленый город",АО «Теплоэнерго»,1.41,0.28,,,,"Глава 4, табл. 2.4"
"Завкомовская,8, ООО «Генерация тепла»",ООО «Генерация тепла»,1.36,0.86,,,,"Глава 4, табл. 2.5"
"ул. Ореховская, 15 к.1, ООО ""СТН-Энергосети""",прочие,1.34,1.0,43.82176,56.211163,"Ореховская улица, 15 (по дому без литеры)","Глава 4, табл. 2.5"
"Профинтерна,7б, ООО «Генерация тепла»",ООО «Генерация тепла»,1.32,0.46,43.940276,56.281586,"улица Профинтерна, 7Б","Глава 4, табл. 2.5"
с. Слободское,Кстовский район (присоединён в 2025 г.),1.21,,,,,"Глава 4, табл. 2.6"
"ул. Рождественская, 40-а",АО «Теплоэнерго»,1.18,0.88,,,,"Глава 4, табл. 2.4"
"ул. Гребешковский откос, 7",АО «Теплоэнерго»,1.17,1.56,43.980478,56.319282,"улица Гребешковский Откос, 7","Глава 4, табл. 2.4"
"ул. Соревнования, 4-а",АО «Теплоэнерго»,1.17,,43.977929,56.320669,"улица Соревнования, 4А","Глава 4, табл. 2.4"
"Котельная ООО ""Энергосервис"", ул. Родионова, д. 23",прочие,1.12,0.75,44.060392,56.317847,"улица Родионова, 23","Глава 4, табл. 2.5"
"ул. Чонгарская, 43-а",АО «Теплоэнерго»,1.11,0.48,43.928305,56.300998,"Чонгарская улица, 43А","Глава 4, табл. 2.4"
"""ГОУ Морёновская областная санаторно-лесная школа"", Зеленый город, дом 7-г",АО «Теплоэнерго»,1.03,0.41,,,,"Глава 4, табл. 2.4"
"ул. Рождественская, 8",АО «Теплоэнерго»,0.9,0.57,,,,"Глава 4, табл. 2.4"
"Ярославская ул, 8а ""ул. Ярославская, д.8А""",АО «Теплоэнерго»,0.84,0.37,43.98047,56.317624,"Ярославская улица, 8А","Глава 4, табл. 2.4"
с. Б. Борисово школа,Кстовский район (присоединён в 2025 г.),0.69,,,,,"Глава 4, табл. 2.6"
с. Работки школа,Кстовский район (присоединён в 2025 г.),0.69,,,,,"Глава 4, табл. 2.6"
"Зеленый Город кп - д/о Кудьма п ""Зеленый Город кп - д/о Кудьма""",АО «Теплоэнерго»,0.66,0.12,,,,"Глава 4, табл. 2.4"
"ул. 3-я Ямская, 7",АО «Теплоэнерго»,0.63,0.01,,,,"Глава 4, табл. 2.4"
"Пос. Новинки, ул.Ботаническая, 9а",АО «Теплоэнерго»,0.62,0.36,43.99991,56.249369,"Ботаническая улица, 9 (по дому без литеры)","Глава 4, табл. 2.4"
"Пос. Новинки, ул.Магистральная, 3",АО «Теплоэнерго»,0.62,0.46,,,,"Глава 4, табл. 2.4"
"ул. Ульянова, 47",АО «Теплоэнерго»,0.54,,44.025492,56.32231,"улица Ульянова, 47","Глава 4, табл. 2.4"
с. Шава,Кстовский район (присоединён в 2025 г.),0.52,,,,,"Глава 4, табл. 2.6"
с. Б. Ельня санаторий,Кстовский район (присоединён в 2025 г.),0.49,,,,,"Глава 4, табл. 2.6"
"Школа №114, пос.Стригино, Земляничная, 1б, ООО «Генерация тепла»",ООО «Генерация тепла»,0.48,0.19,43.762197,56.388731,"улица Землячки, 1 (по дому без литеры)","Глава 4, табл. 2.5"
"пер. Общественный, 2-а",АО «Теплоэнерго»,0.33,0.17,43.829642,56.379607,"Общественный переулок, 2 (по дому без литеры)","Глава 4, табл. 2.4"
"ул. Меднолитейная, 1-б (БМК)",АО «Теплоэнерго»,0.32,0.18,43.756606,56.386238,"Меднолитейная улица, 1 (по дому без литеры)","Глава 4, табл. 2.4"
"ул. Дальняя, 1/29-в",АО «Теплоэнерго»,0.32,,,,,"Глава 4, табл. 2.4"
"Школа №145, пос.Н.Доскино, 19 линия, д.25а, ООО «Генерация тепла»",ООО «Генерация тепла»,0.32,0.2,,,,"Глава 4, табл. 2.5"
"Школа №16, пос.Гнилицы, Ляхова,92а, ООО «Генерация тепла»",ООО «Генерация тепла»,0.32,0.12,,,,"Глава 4, табл. 2.5"
"«Инфекционная больница № 23» АО «Энергосетевая компания» - Ильича пр-т, 54А",АО «Энергосетевая компания»,0.3,0.15,,,,"Глава 4, табл. 2.5"
"Малая Ямская ул, 9б",АО «Теплоэнерго»,0.28,0.09,,,,"Глава 4, табл. 2.4"
"ул. Ярославская, 23",АО «Теплоэнерго»,0.28,0.12,43.976928,56.319189,"Ярославская улица, 23","Глава 4, табл. 2.4"
"дом отдыха ""Зеленый город"", Зеленый город",АО «Теплоэнерго»,0.26,0.13,,,,"Глава 4, табл. 2.4"
школа с. Безводное,Кстовский район (присоединён в 2025 г.),0.26,,,,,"Глава 4, табл. 2.6"
с. Б. Борисово больница,Кстовский район (присоединён в 2025 г.),0.07,,,,,"Глава 4, табл. 2.6"
с. Вязовка школа,Кстовский район (присоединён в 2025 г.),0.07,,,,,"Глава 4, табл. 2.6"
"«Больница № 37» АО «Энергосетевая компания» - Челюскинцев ул., 3",АО «Энергосетевая компания»,0.05,0.03,,,,"Глава 4, табл. 2.5"
