component,km_route,edges,max_dn,peremychki_km,consumers,consumers_anchored,districts,root_node,sources
1,280.88,9978,1400,2.12,3508,2581,Советский;Нижегородский;,"ПТ-Светлог.пр-д,4 э2","""НТЦ"", ул. Ветеринарная, 5 (700) | Деловая, 14, ООО «Нижновтеплоэнерго» (120) | Родионова, д. 190 , Нижегородская областная Клиническая больница им. Н.А. Семашко, (14.4) | пл. Горького, 4-а (5.88) | ул. Горького, 65-д (6.45)"
2,144.38,5422,1400,0.37,2301,1961,Канавинский;Московский;Сормовский,"ПТ-Казак,1 (стр.) ВВП ГВС","Сормовская ТЭЦ (696) | ул. Московское шоссе, 15-а (21.23)"
3,92.69,2893,500,0.4,1143,929,Сормовский;ВДГ-003027;Советский,ПТ-ДОУ Рубинчика гвс,"пр. Союзный, 43 (60) | ул. Базарная, 6 (26) | ул. Коперника, 1-а (12.6) | ул. Пугачева, 1 (35.51) | ул. Федосеенко, 89-а (5.92)"
4,71.23,2401,400,0.61,844,626,Ленинский;Канавинский;,ПТ-Деревооб.8,"Заводская, д.19, ФГУП НПП Полет, (48.31) | Июльских дней, 1 (46.5) | пр. Ленина, 5-а (23.38)"
5,43.79,1386,700,0.12,499,397,Сормовский;Приокский;Советский,ВДГ-002497,"ул. Гаугеля, 25 (33.2) | ул. Гаугеля, 6-б (33.2)"
6,37.93,1117,700,0.05,427,366,Московский;Сормовский;Приокский,ПТ-Ярош.4а прач ГВС,"ул. Баранова, 11 (30.44)"
7,33.44,1112,500,0.0,336,160,Приокский;Советский;Канавинский,"ПТ-Ларина,9 служ.корп.НИИИС","пр. Гагарина, 178-б (73) | ул. Голованова, 25-а (31.9)"
8,27.46,926,400,0.0,341,307,Сормовский,"ПТ-Иван,21а ГВС","ул. Баренца, 9-а (19.5) | ул. Иванова, 36-б (10.4)"
9,22.07,648,250,0.06,257,231,Ленинский;Сормовский;Канавинский,"ПТ-Энтуз,9","ул. Премудрова, 12-а (32.5)"
10,20.6,574,500,0.0,250,190,Канавинский;,"ПТ-Подвор,КНС№1","ул. Таллинская, 15-в (38.78)"
11,17.58,656,300,0.01,257,243,Приокский,"ПТ-Луган,8_ГВС","ул. Углова, 7 (30)"
12,15.22,291,300,0.0,112,89,Канавинский;;Приокский,ШО-000802,
13,12.97,452,300,0.0,217,210,Сормовский;Канавинский,"ПТ-Планетная,24в","ул. Планетная, 8-а (10.4)"
14,12.93,393,300,0.04,150,96,Приокский;Советский,"ПТ-Гжат,4 лыж.база ГВС","пр. Гагарина, 70-а (20)"
15,12.37,483,300,0.0,144,129,Приокский;Советский;ТК-022-10-3,"ПТ-Жукова,22 ГВС2","ул. Военных комиссаров, 9 (29.75)"
16,12.08,326,500,0.0,119,93,Канавинский,"ПТ-Чкал,3 подвал","ул. Вольская, 15-а (9.46) | ул. Чкалова, 9-г (19.5)"
17,9.86,322,500,0.0,109,82,Ленинский,"ПТ-Робесп,2",
18,9.84,384,300,0.0,107,72,Сормовский;Приокский;Советский,"ПТ-Мочалова,7","ул. Энгельса, 1-в (31.04)"
19,9.64,225,400,0.0,107,89,Московский;Канавинский;ОТВ-008059,"ПТ-Моск.ш,146 ГВС","ул. Красных Зорь, 4-а (12.72)"
20,9.46,322,400,0.88,105,71,Приокский;ТК-212-1-5;УТ-212-1,"ПТ-Горная,2(стр.) ГВС","ул. Горная, 13-а (19.59)"
21,8.38,261,300,0.0,104,101,Приокский;Советский,ПТ-Гагар.115_ГВС 1,
22,7.57,338,200,0.0,146,61,Сормовский;ТК-609-11-1;ТК-609-11-2,"ПТ-7л.Озер,7",
23,7.57,225,300,0.0,107,99,Сормовский;ПЕР-000932;ТК-605-3,"ПТ-Станис,29","ул. Станиславского, 3 (новая БМК) (20.66)"
24,7.48,189,400,0.0,81,77,Ленинский,"ПТ-Памир,11 Копытцов адм.",
25,7.21,275,300,0.0,83,78,Нижегородский,"ПТ-Радуж,3 ГВС","ул. Донецкая, 9-в (15.6) | ул. Радужная, 2-а (4.77)"
26,7.08,179,300,0.0,59,58,Московский,"ПТ-Шаляп,20 вв3",
27,6.99,225,300,0.0,88,86,Московский,"ПТ-Дежнева,2","ул. Гастелло, 1-а (13.41)"
28,6.81,167,300,0.0,69,54,Канавинский;,"ПТ-Клим,3;Н.Пахом,54","ул. Климовская, 86-а (25)"
29,6.79,170,400,0.06,77,74,Ленинский;,"ПТ-пр. Ленина, 50","ул. Геройская, 11-а (17.2)"
30,6.62,258,400,0.0,96,0,Приокский,"ПТ-Победы 40лет,3 э2",
31,6.36,194,250,0.0,67,52,Канавинский;Советский;,"ПТ-Моск.ш., 312","ул. Тепличная, 8-а (8.81)"
32,6.28,123,250,0.05,46,35,Московский,"ПТ-Рябцева,9",
33,6.12,182,300,0.0,77,74,Канавинский,"ПТ-Аэродр,23а","ул. Тихорецкая, 3-в (14.5)"
34,6.03,235,300,0.0,86,77,Нижегородский,"ПТ-Ильин,62 ГВС",
35,5.95,207,400,0.14,71,69,Ленинский,"ПТ-пр.Ленина,51/8 э2","пр. Ленина, 51 корпус 10 (17.45)"
36,5.74,240,300,0.0,106,70,Приокский,"ПТ-Окт.40лет,7","ул. Радистов, 24 (7.22)"
37,5.72,211,200,0.0,74,69,Московский;Канавинский,"ПТ-Пырск,17",
38,5.1,224,300,0.17,69,54,Советский;Приокский;,"ПТ-Ванеева,9 стр. ВВП ГВС","ул. Ванеева, 209-б (19.5)"
39,4.64,225,300,0.0,91,57,Московский,"ПТ-Просв,4 ГВС",
40,4.59,124,150,0.0,50,37,Московский,"ПТ-Левинка,52",
41,4.46,163,300,0.0,61,55,Нижегородский,"ПТ-Нижегород,15 (16эт.)ВВПот","ул. Суетинская, 21 (14.44)"
42,4.45,106,250,0.0,44,37,Приокский,"ПТ-Гагар,121 хлор.хоз.",
43,4.38,161,500,0.0,43,37,Приокский;Канавинский;Сормовский,"ПТ-Цветочная,6 (стр.) ГВС",
44,4.16,122,300,0.0,54,54,Канавинский,ПТ-Горох.54а_ГВС,"ул. Путейская, 31-а (8.42)"
45,4.12,119,150,0.0,49,0,Нижегородский,"ПТ-Зел.г.ч-ка,мед.ц.",
46,4.09,104,300,0.0,46,43,Канавинский;Сормовский,"ПТ-Аванг,7_ГВС",
47,4.06,102,250,0.0,41,36,Приокский;Ленинский;ТК-200-2-5,"ПТ-Анкуд.ш,3 нов.уч.кор. ГВС","Анкудиновское шоссе, 3-б (13.33)"
48,4.06,170,300,0.22,51,49,Канавинский;Московский,"ПТ-Гордеев,7 ИТП2",
49,4.01,164,300,0.0,50,43,Приокский,"ПТ-Невская,19а ГВС",
50,4.0,74,300,0.0,32,31,Советский;Приокский,"ПТ-Гагар.пр,64 ГВС",пр. Гагарина 60 корп. 22 (12.6)
51,3.86,108,250,0.0,42,41,Приокский,"ПТ-Студгор,15_ГВС","пр. Гагарина, 97  (БМК) (12.16)"
52,3.7,111,300,0.0,42,39,Московский;Сормовский,ПТ-Моск.ш.155_вв2,"пр. Героев, 13 (5.81)"
53,3.44,127,500,0.0,45,45,Московский,"ПТ-Куйбыш,41 КНС",
54,3.38,189,500,0.0,70,63,Московский,"ПТ-Кр.Зорь,24/5 ГВС",
55,3.29,143,300,0.0,69,69,Нижегородский,ПТ-Усил.7 э2,
56,3.26,166,200,0.0,52,50,Советский,"ПТ-Горлов,12",
57,3.22,130,300,0.0,64,63,Нижегородский,ПТ-Фрук.8,
58,3.02,89,300,0.0,41,41,Советский,"ПТ-Гагар.пр,25в абк,рем.","пр. Гагарина, 25-е (12.6)"
59,2.86,105,250,0.0,54,54,Сормовский,"ПТ-Б.Друж,5а","ул. Римского-Корсакова, 50 (БМК) (6.45)"
60,2.77,147,200,0.14,41,25,Советский,ПТ-Родн.63,"пер. Звенигородский, 8-а (3.18) | ул. Республиканская, 47-а (2.71)"
61,2.75,58,150,0.0,24,0,Нижегородский;,"ПТ-Зел.г.сан.Зелен.г,8",
62,2.56,108,250,0.15,36,33,Нижегородский;Московский,"ПТ-Залом,5",
63,2.55,39,200,0.0,13,13,Приокский,"ПТ-Анкуд.ш,26а",
64,2.46,96,200,0.0,46,38,Московский,"ПТ-Стр.револ,8/4",
65,2.25,100,200,0.0,34,34,Советский,"ПТ-Бекет,8б мастерские",
66,2.23,75,250,0.0,34,30,Ленинский;Канавинский,"ПТ-Окт.Рев,66_роддом",
67,2.04,111,250,0.0,37,14,Советский;Приокский,"ПТ-Рыбин,73 ГВС",
68,1.99,72,150,0.0,22,0,Нижегородский,ПТ-Зел.г. д/и 13Б,
69,1.95,65,200,0.0,31,23,Канавинский,"ПТ-Моск.ш,290","ул. Металлистов, 4-б (3.35)"
70,1.87,96,300,0.0,32,31,Советский,"ПТ-Рукавиш,11",
71,1.87,83,300,0.0,33,30,Канавинский,"ПТ-Октяб.рев,42 ГВС",
72,1.82,83,200,0.0,20,14,Приокский,"ПТ-2-й Кемер.пер,5",
73,1.79,50,250,0.0,20,19,Московский;Сормовский,"ПТ-Берез,81 офис",
74,1.77,52,200,0.0,15,6,Приокский;Нижегородский,"ПТ-Карбыш,7 ГВС",
75,1.67,78,200,0.0,19,19,Советский,"ПТ-Елец,10а гараж",
76,1.66,85,200,0.0,38,8,Канавинский,"ПТ-Совет,11 ДМШ","ул. Ивана Романова, 3-а (5.24)"
77,1.65,55,200,0.0,23,23,Нижегородский,"ПТ-Яблон,8",
78,1.64,45,200,0.0,18,0,Нижегородский,ПТ-гольфклуб Агродом,
79,1.63,53,200,0.0,21,13,Канавинский,"ПТ-Электровоз,15",
80,1.59,68,250,0.0,16,0,Нижегородский;Сормовский,"ПТ-санНижег,7_вв3",
81,1.53,63,200,0.0,19,18,Нижегородский,"ПТ-Турген,24б","пер. Бойновский, 9-д (4.74)"
82,1.47,39,150,0.0,17,17,Сормовский,"ПТ-Федос,7","Федосеенко, д. 44а, ОАО Железобетонстрой № 5, (13.6)"
83,1.44,41,250,0.0,17,0,Приокский,"ПТ-пос.Череп,13 в4",
84,1.41,57,250,0.0,21,21,Канавинский,"ПТ-Мануф,18 ГВС",
85,1.4,39,200,0.0,13,0,Приокский,ВД-004700,
86,1.4,57,200,0.0,16,13,Советский,"ПТ-Бекетова,3б","Гагарина, д. 50, ООО ЦТО «Меркурий», (4.58)"
87,1.37,59,150,0.0,26,19,Ленинский,"ПТ-Грек.пер,4",
88,1.32,22,250,0.0,4,4,Советский;Ленинский,ТК-400-619 к6-1,
89,1.32,49,200,0.0,16,4,Нижегородский,"ПТ-Н.-Волжская.наб,2 СЭС","ул. Нижне-Волжская набережная, 2-а (4.3)"
90,1.31,75,250,0.0,22,9,Нижегородский,"ПТ-пл.Минина,7/1 ГВС",
91,1.31,32,250,0.0,14,10,Московский,"ПТ-Моск.ш,215","Московское шоссе, 219-а (4.73)"
92,1.26,60,200,0.0,16,14,Советский;Нижегородский,"ПТ-Б.Панина,20","ул. Бориса Панина, 19-б (3.04)"
93,1.19,35,250,0.0,11,11,Советский;Нижегородский,"ПТ-Ижор,25_теплица",
94,1.19,51,300,0.0,22,21,Приокский,ПТ-Гагар.178_ЛЭК_э2,
95,1.18,37,150,0.0,15,12,Канавинский,"ПТ-Окт.Рев,31 конт ГВС",
96,1.17,48,125,0.0,24,23,Канавинский;,"ПТ-Украин,1_проход.",
97,1.16,29,250,0.0,15,13,Канавинский,"ПТ-Горох,1а","ул. Невельская, 9-а (3.39)"
98,1.15,69,200,0.0,24,24,Нижегородский,"ПТ-Писк,35 ГВС",
99,1.15,30,200,0.0,11,8,Канавинский,"ПТ-Вольск,11",
100,1.09,37,150,0.27,15,13,Нижегородский,ПТ-Яросл.25,"ул. Гребешковский откос, 7 (1.17) | ул. Соревнования, 4-а (1.17)"
101,1.08,35,150,0.0,10,7,Нижегородский,"ПТ-Черниг,12в","Гаршина, д. 40, ООО НКХП-Девелопмент, (7.39)"
102,1.04,28,100,0.0,14,0,Нижегородский,ПТ-Ройка 10,
103,1.01,23,125,0.0,10,9,Советский,"ПТ-Гагар.пр,66",
104,1.0,34,150,0.0,7,5,Приокский,"ПТ-Шапошник,10 ГВС",
105,0.98,38,200,0.0,14,13,Советский,"ПТ-Ошар,63",
106,0.97,41,200,0.0,18,9,Нижегородский,"ПТ-Б.Покр,47 рест. от+вент",
107,0.96,56,150,0.0,16,11,Канавинский,"ПТ-Интерн,13/11",
108,0.95,37,200,0.0,13,11,Канавинский,"ПТ-Кран,21",
109,0.89,28,150,0.0,11,11,Московский,"ПТ-Тореза,29",
110,0.89,30,200,0.0,13,9,Канавинский,"ПТ-Зелен,56",
111,0.88,42,200,0.0,15,15,Канавинский,"ПТ-Октяб.рев,14","ул. Чкалова, 37-а (3.6)"
112,0.87,42,200,0.0,15,13,Канавинский;,"ПТ-Должан,35/18",
113,0.86,41,125,0.0,14,13,Московский,"ПТ-Давыд,22 стар.зд.",
114,0.86,16,200,0.0,0,0,Советский,ВДГ-003262,
115,0.81,11,150,0.0,5,5,Канавинский,"ПТ-Вязник,2б гараж",
116,0.8,15,150,0.0,7,7,Канавинский,"ПТ-Лесной гор,7",
117,0.79,28,100,0.0,11,0,Нижегородский,"ПТ-МоренШкола,9",
118,0.79,4,150,0.0,2,0,Московский,"ПТ-Моск.ш,233 ГВС","Московское шоссе, 219-а (4.73)"
119,0.79,32,150,0.0,16,0,Нижегородский,ПТ-ПанВОВ_гараж,
120,0.78,35,150,0.0,11,11,Московский,"ПТ-Сорм.ш,13 Ноктюрн",
121,0.78,26,150,0.0,12,8,Канавинский,"ПТ-Зелен,34_вв2",
122,0.76,30,150,0.0,13,12,Канавинский,УТ-114-12,
123,0.75,24,150,0.0,11,11,Ленинский,"ПТ-Комар,2 ГВС",
124,0.7,26,150,0.0,15,10,Канавинский,"ПТ-Рубо,8",
125,0.69,33,200,0.0,12,12,Советский,"ПТ-Б.Панина,5_ГВС",
126,0.68,16,100,0.0,7,0,Нижегородский,"ПТ-Зел.г,9/2 ВЦСПС",
127,0.66,24,250,0.0,8,8,Советский,"ПТ-Студенч,12 вв4",
128,0.66,29,200,0.0,10,10,Нижегородский,"ПТ-Ошар,56_ГВС",
129,0.65,35,200,0.0,11,6,Канавинский,"ПТ-Совнар,4",
130,0.62,34,200,0.0,15,9,Нижегородский,ПТ-Семаш.41_муж.к.1,
131,0.61,29,150,0.0,9,9,Советский,"ПТ-Бекет,18 ВВП ГВС",
132,0.59,29,125,0.0,13,1,Нижегородский,"ПТ-Рожд,42д",
133,0.58,18,200,0.0,10,10,Канавинский,"ПТ-Вязник,21",
134,0.54,19,200,0.0,7,0,Нижегородский,"ПТ-Рожд,24 в1",
135,0.51,35,125,0.0,14,5,Нижегородский,"ПТ-Рожд,6б","ул. Рождественская, 8 (0.9)"
136,0.49,30,125,0.0,10,10,Московский,"ПТ-Куйбыш,18 ГВС",
137,0.49,33,100,0.0,11,9,Московский,"ПТ-Стр.револ,25 ГВС",
138,0.48,20,150,0.0,7,7,Сормовский,"ПТ-Мочалова,1",
139,0.43,28,125,0.0,12,0,Канавинский,"ПТ-Октяб.Рев,45а ГВС",
140,0.43,20,150,0.0,9,9,Канавинский,"ПТ-Чонгар,43 пищеблок","ул. Чонгарская, 43-а (1.11)"
141,0.43,21,150,0.0,6,6,Московский,"ПТ-Сорм.ш,10",
142,0.43,31,200,0.0,12,11,Нижегородский,ПТ-Весенние Инвестиции,"ул. Варварская, 15-б (5)"
143,0.43,22,100,0.0,8,0,Нижегородский;Советский,ПТ-Дом-инт.для пен_прач_ГВС,
144,0.42,19,100,0.0,7,7,Московский,"ПТ-Бригад,1в",
145,0.42,15,80,0.0,7,0,Нижегородский,ПТ-Зел.г.4_д/о з.г.,
146,0.38,21,150,0.0,7,7,Советский,"ПТ-Шорина,3",
147,0.36,15,80,0.0,5,1,Канавинский,"ПТ-Касим,17 ГВС",
148,0.35,10,150,0.0,6,5,Канавинский,"ПТ-Моск.ш,64а",
149,0.34,4,250,0.0,1,0,Московский,"ПТ-Стр.Револ,35",
150,0.33,9,125,0.0,4,0,Нижегородский,"ПТ-Кремль,4а",
151,0.32,26,100,0.0,10,10,Ленинский,"ПТ-Июл.дней,20б_гараж",
152,0.32,16,50,0.0,8,8,Канавинский,"ПТ-Вязник,21а в2",
153,0.32,6,100,0.0,2,2,Приокский,ПТ-Троп.13б_ГВС,
154,0.31,19,150,0.0,11,11,Нижегородский,"ПТ-пер.Ткач,1_ВВП ГВС",
155,0.31,15,125,0.0,7,7,Ленинский,ПТ-Тург.5_сортзал,
156,0.3,4,100,0.0,1,0,Советский,"ПТ-Рокос,10",
157,0.3,21,150,0.0,7,4,Нижегородский,"ПТ-Минина,10а","ул. Верхне-Волжская Набережная, 7-д (2)"
158,0.29,13,100,0.0,4,0,Московский,"ПТ-Победы 50лет,7",
159,0.29,15,100,0.0,5,4,Советский;Нижегородский,ВД-007102,
160,0.29,10,150,0.0,5,5,Канавинский,"ПТ-Путейская,5а",
161,0.28,9,150,0.0,3,3,Нижегородский,"ПТ-Одесская,2","ул. Дальняя, 1/29-в (0.32)"
162,0.28,10,100,0.0,5,4,Ленинский,"ПТ-Дачная,33",
163,0.28,7,150,0.0,2,2,Канавинский,"ПТ-Приок,14",
164,0.27,11,150,0.0,3,3,Нижегородский,"ПТ-Гоголя,34",
165,0.27,12,100,0.0,6,5,Канавинский,"ПТ-Моск.ш,58",
166,0.27,7,50,0.0,4,4,Советский,"ПТ-Елхов,3",
167,0.26,8,150,0.0,3,1,Московский,"ПТ-Герове пр,41 в2",
168,0.25,16,100,0.0,7,7,Московский,"ПТ-Куйбыш,22 ГВС",
169,0.24,17,125,0.0,6,3,Нижегородский,"ПТ-3-я Ямская,15/2",
170,0.23,4,100,0.0,2,2,Приокский,"ПТ-Кащенко,13 Волгагеол",
171,0.22,7,100,0.0,0,0,Нижегородский,ВД-007184,
172,0.22,7,125,0.0,3,3,Нижегородский,"ПТ-Казан.ш,9_уз1",
173,0.22,2,80,0.0,2,2,Канавинский,"ПТ-Путейс,7 ГВС",
174,0.21,2,150,0.0,0,0,Московский,ВД-002742,
175,0.21,7,100,0.0,4,4,Московский,"ПТ-Бурев,13",
176,0.21,12,125,0.0,6,6,Сормовский,"ПТ-Ясная,31 ВВП ГВС",
177,0.21,9,100,0.0,4,4,Советский,"ПТ-Генкиной,41а.",
178,0.2,2,80,0.0,1,1,Приокский,"ПТ-Кащенко,6 Прогресс",
179,0.2,15,125,0.0,5,5,Нижегородский,"ПТ-Н.-Волжская наб,12а,12/1",
180,0.19,6,125,0.0,2,2,Нижегородский,"ПТ-Сечен,2а",
181,0.18,1,65,0.0,1,1,Нижегородский,"ПТ-Бойнов,17а",
182,0.18,11,65,0.0,3,3,Советский,"ПТ-Студеная,78 ГВС",
183,0.17,8,100,0.0,4,4,Нижегородский,"ПТ-Родионова,28 с/н",
184,0.16,10,65,0.0,3,3,Ленинский,"ПТ-Волоч,16",
185,0.15,8,80,0.0,5,5,Сормовский,"ПТ-Федос,68",
186,0.15,11,100,0.0,4,4,Советский,"ПТ-Артельн,14",
187,0.15,9,125,0.0,2,1,Сормовский,"ПТ-Кот,2 клуб","пер. Общественный, 2-а (0.33)"
188,0.15,5,80,0.0,3,3,Приокский,"ПТ-Тереш,4а пристрой",
189,0.14,16,100,0.0,6,5,Нижегородский,"ПТ-Б.Покр,16а",
190,0.14,6,125,0.0,0,0,Нижегородский,ВДГ-003002,
191,0.13,7,100,0.0,2,2,Московский,"ПТ-С.Перов,1а",
192,0.12,5,80,0.0,2,2,Московский,"ПТ-Давыд,17",
193,0.12,2,125,0.0,1,1,Нижегородский,ПТ-Казан.ш.2в э3,
194,0.12,6,65,0.0,2,0,Нижегородский,"ПТ-Унив.пер,4_ГВС",
195,0.12,8,80,0.0,3,3,Советский,"ПТ-Невз,7 ГВС1",
196,0.11,4,150,0.0,0,0,Ленинский,ВД-004954,
197,0.11,1,200,0.0,0,0,Сормовский,ВД-004847,
198,0.09,5,100,0.0,2,2,Советский,"ПТ-Краснозв, 4а",
199,0.09,3,100,0.0,2,2,Сормовский,"ПТ-Медн,1а_шк.116_пр","ул. Меднолитейная, 1-б (БМК) (0.32)"
200,0.09,4,100,0.0,2,2,Сормовский,ПТ-Барен.1а ГВС,
201,0.09,1,65,0.0,1,1,Ленинский,"ПТ-Успен,1в гараж",
202,0.08,4,100,0.0,2,2,Московский,"ПТ-Героев пр,43 в1",
203,0.08,7,100,0.0,2,2,Советский,"ПТ-Гагар.пр,21/10_ГВС",
204,0.07,1,50,0.0,1,0,Советский,"ПТ-Б.Панина,8/54_шк№151_ГВС",
205,0.07,9,100,0.0,4,0,Нижегородский,"ПТ-Нижегород,10 ВВП ГВС",
206,0.07,2,50,0.0,1,1,Ленинский,ПТ-Тург.5_ГВС,
207,0.07,5,200,0.0,2,1,Нижегородский;,"ПТ-В.Волж.наб,18",
208,0.07,2,50,0.0,1,1,Нижегородский,"ПТ-Минина,10в ГВС","ул. Верхне-Волжская Набережная, 7-д (2)"
209,0.06,4,100,0.0,3,3,Канавинский,"ПТ-Подвор,8 вв3",
210,0.06,8,50,0.0,3,2,Советский;Нижегородский,ТК-400-415 к2-1,
211,0.06,2,50,0.0,2,2,Нижегородский,"ПТ-Ошар,38_ГВС",
212,0.05,3,100,0.0,1,1,Советский,"ПТ-Эльтон,38 ГВС",
213,0.05,1,50,0.0,1,0,Канавинский,"ПТ-Невель,7а ГВС",
214,0.05,7,80,0.0,2,2,Советский,"ПТ-Генкиной,37",
215,0.05,1,250,0.0,0,0,Сормовский,УТ-030-НБ-1,
216,0.05,2,50,0.0,2,0,Нижегородский,ПТ-ПанВОВ_стол._ГВС,
217,0.04,5,50,0.0,2,1,Нижегородский;Приокский,"ПТ-Грузин,30а_ГВС",
218,0.04,4,150,0.0,3,3,Нижегородский,"ПТ-Воров,3 ВВП ГВС","ул. Воровского, 3 (2.06)"
219,0.04,1,50,0.0,1,0,Приокский,"ПТ-Щерб.1 м-н,30 ГВС",
220,0.04,5,50,0.0,2,2,Советский,"ул.Генкиной,37 ГВС",
221,0.04,1,65,0.0,1,1,Канавинский,"ПТ-Приок,14 ГВС",
222,0.04,2,50,0.0,1,1,Канавинский,"ПТ-Тирасп,22 ГВС",
223,0.04,1,65,0.0,1,0,Приокский,"ПТ-Щерб.1 м-н,14 ГВС",
224,0.04,1,100,0.0,0,0,Ленинский,ЦТП-Грекова,
225,0.04,3,50,0.0,1,0,Советский,"ПТ-Артельн,6/2 ГВС",
226,0.03,1,50,0.0,1,1,Канавинский,"ПТ-Витеб,1 ГВС",
227,0.03,1,80,0.0,0,0,Нижегородский,ВД-000235,
228,0.03,1,50,0.0,1,0,Нижегородский,"ПТ-Ройка_11А,А1,А2",
229,0.03,4,50,0.0,1,0,Нижегородский,ПТ-маг Колосок,
230,0.02,5,80,0.0,2,2,Нижегородский,"ПТ-Рожд,2 сн",
231,0.02,3,150,0.0,2,2,Нижегородский,"ПТ-Ульян,47 гараж","ул. Ульянова, 47 (0.54)"
232,0.02,2,100,0.0,1,1,Нижегородский,"ПТ-В.Волжск.наб,18 ГВС",
233,0.02,1,100,0.0,0,0,Приокский,ТК-702-1,
234,0.01,3,100,0.0,2,0,Нижегородский,"ПТ-М.Горьк,50_ВВП",
235,0.01,1,50,0.0,1,1,Ленинский,"ПТ-Паскаля,16",
236,0.01,1,100,0.0,1,1,Советский,"ПТ-Ижор,27/20.",
237,0.01,3,250,0.0,0,0,Ленинский,"ЦТП-""Род.№4""ВВП ГВС",
238,0.01,3,250,0.0,0,0,Нижегородский,"ЦТП-""Чайка""_ВВП от",
239,0.01,3,100,0.0,1,1,Приокский,"ПТ-Карбыш,1а",
240,0.01,3,300,0.0,0,0,Нижегородский,"ЦТП-Суетин,21 отоп.",
241,0.01,2,50,0.0,1,0,Нижегородский,"ПТ-3-я Ямская,7 ГВС",
242,0.01,3,250,0.0,0,0,Канавинский,"ЦТП-Тепл,8а_ГВС","ул. Тепличная, 8-а (8.81)"
243,0.01,3,400,0.0,0,0,Приокский,"ЦТП-Анкуд,3б ВВПГВС","Анкудиновское шоссе, 3-б (13.33)"
244,0.01,3,300,0.0,0,0,Канавинский,"ЦТП-Климов,86а от","ул. Климовская, 86-а (25)"
245,0.01,2,65,0.0,2,2,Сормовский,ПТ-Зайц.22_ГВС1,
246,0.01,2,80,0.0,2,0,Приокский,ПТ-Блок №5 ВВП ГВС,
247,0.01,1,80,0.0,1,0,Приокский,"ПТ-Щерб.1 м-н,6 ГВС",
248,0.01,3,150,0.0,0,0,Нижегородский,ЦТП-Дом-инт.ВВП ГВС,
249,0.01,1,80,0.0,0,0,Приокский,"ЦТП-Анкудинов.ш,24","Анкудиновское шоссе, 24 (6.36)"
250,0.01,1,50,0.0,1,1,Сормовский,ПТ-Зайц.5_ГВС_вв3,
251,0.01,1,50,0.0,1,1,Сормовский,ПТ-Зайц.5_ГВС_вв4,
252,0.01,1,50,0.0,1,1,Сормовский,ПТ-Зайц.5_ГВС_вв5,
253,0.01,1,125,0.0,1,0,Советский,ПТ-ГВС_Ван.209,
254,0.01,3,150,0.0,0,0,Нижегородский,"ЦТП-В.Волж.н,7-д от","ул. Верхне-Волжская Набережная, 7-д (2)"
255,0.01,3,150,0.0,0,0,Советский,"ЦТП-Панина,10б ввпо",
256,0.01,1,65,0.0,1,1,Нижегородский,"ПТ-Ярославская,23","ул. Ярославская, 23 (0.28)"
257,0.0,1,200,0.0,0,0,Сормовский,ТК-060-1,
258,0.0,1,50,0.0,0,0,Нижегородский,ОТВ-008492,"Малая Ямская ул, 9б (0.28)"
259,0.0,2,100,0.0,2,2,Советский,"ПТ-Богород,6 ВВП ГВС",
260,0.0,2,65,0.0,1,1,Советский,"ПТ-Заяр,9 прач.ГВС",
261,0.0,1,50,0.0,1,1,Нижегородский,"ПТ-Б.Перек,9 ГВС",
262,0.0,3,250,0.0,0,0,Нижегородский,"ЦТП-Минина,1а гвс",
263,0.0,1,50,0.0,1,1,Советский,"ПТ-Заяр,9 ГВС",
264,0.0,1,50,0.0,1,1,Сормовский,"ПТ-Юбилейн.б-р,6 ГВС",
265,0.0,2,80,0.0,2,0,Канавинский,"ПТ-Есен,46 пол-ка ВВП ГВС",
266,0.0,2,50,0.0,2,0,Московский,"ПТ-Победы 50лет,34а ГВС",
267,0.0,1,50,0.0,1,1,Советский,"ПТ-Шорина,18б ГВС",
268,0.0,2,65,0.0,2,2,Советский,"ПТ-Бекет,6 э2",
269,0.0,1,80,0.0,1,1,Советский,"ПТ-Салган,5 ВВП ГВС",
270,0.0,1,50,0.0,1,1,Советский,"ПТ-Чукот,3 ГВС",
271,0.0,1,65,0.0,1,1,Канавинский,"ПТ-Коммун,75 ГВС",
272,0.0,1,50,0.0,1,0,Приокский,"ПТ-Щерб.1 м-н,31 ГВС",
273,0.0,1,50,0.0,1,0,Приокский,"ПТ-Щерб.1 м-н,12б ГВС",
274,0.0,1,50,0.0,1,0,Приокский,"ПТ-Щерб.1 м-н,13 ГВС",
275,0.0,1,100,0.0,1,0,Сормовский,"ПТ-Кораб, 24/1 молоч. ГВС ВДГ-006633",
276,0.0,1,50,0.0,1,1,Приокский,"ПТ-Вятская,2 ГВС",
277,0.0,1,250,0.0,0,0,Московский,ЦТП-322,
278,0.0,1,200,0.0,0,0,Ленинский,ОТВ-007375,
279,0.0,1,80,0.0,1,0,Приокский,"ПТ-Щерб.1м-н,27 ГВС",
